"externalId","firstName","lastName"
"30028549","Jonathan","Petropoulos"
"30323938","Sharda","Umanath"
"20205652","Eric","Doehne"
"20042192","Bruce","Coats"
"20260894","Zackary","Drucker"
"20260905","Michelle","Warter"
"20042205","Kersey","Black"
"20268842","Julin","Everett"
"20182149","Adam","Novy"
"20264569","Patrick","Van Horn"
"20222669","Kevin","Vennemann"
"20171378","Michael","Spezio"
"50236594","Andrea","Scott"
"20042235","Susan","Castagnetto"
"20197552","Dionne","Bensonsmith"
"20187765","France","Lemoine"
"20042120","Eric","Haskell"
"20042172","Dalton","Krauss"
"20042189","Christopher","Towse"
"20042987","Rivka","Weinberg"
"20223606","Sarah","Nichols"
"20042166","Mark","Golub"
"20002685","Alan","Hartley"
"20209844","","Guillen\, Nelida"
"20248902","Gustavo","Buenrostro"
"20209846","","Bacsan\, Gabriela"
"30323934","William","Lincoln"
"30360178","Matt","Delventhal"
"30251235","Matthew","Magilke"
"30338543","Chloe","Martinez"
"30313443","Mellissa","Martinez"
"30321862","Shanna","Rose"
"30337788","Terril","Jones"
"30238435","Mark","Huber"
"30360593","",""
"30346529","Phillip","Cardona"
"30075316","Candise","Pipkin"
"30346494","Anne","Ebele"
"30212027","Jim","Kreines"
"10348196","Elijah","Quetin"
"30346566","David","Day"
"30323939","Stacey","Doan"
"30203478","Nicole","Altamirano"
"40199067","Alfred","Flores"
"40084960","Anna","Ahn"
"40116382","David","Vosburg"
"40005484","Adam","Johnson"
"40005336","G.","Daub"
"10023055","April","Mayes"
"40169710","Matthew","Spencer"
"10014392","Frances","Hanzawa"
"40043284","Steven","Santana"
"40189465","Fred","Leichter"
"40164164","Mohamed","Omar"
"30030186","Marie-Denise","Shelton"
"40005418","Arthur","Benjamin"
"40005472","Francis","Su"
"40188763","Brian","Shuve"
"40002362","Nicholas","Breznay"
"40043343","Qimin","Yang"
"40005494","Marianne","De Laet"
"40118595","Nancy","Lape"
"10185600","Sheila","Walker"
"10277597","Melissa","Manfull"
"10137906","Kimberly","Ye"
"10042125","Karen","Parfitt"
"10364639","Delawrence","Sykes"
"10044271","Thomas","Vasquez"
"10087224","Charles","Taylor"
"10310338","Steven","Fiedler"
"10364799","Ying","Wang"
"10337403","Yuqing","Wu"
"10043312","John","Pennington"
"10087856","Sarah","Raff"
"10354880","Lauren","Heintz"
"10358364","Prageeta","Sharma"
"10183551","James","Kuzner"
"10013666","Eric","Grosfils"
"10040054","Samuel","Yamashita"
"10240152","Adan","Gallardo"
"10357934","Graham","Odell"
"10087711","Carmen","Fought"
"10304902","Blerta","Pecharich"
"10041942","Richard","Lewis"
"10142045","Alexander","Rodriguez"
"10355964","Don","Sevilla"
"10179615","Laura","Perini"
"10022994","Richard","Mawhorter"
"10352672","Scott","Medling"
"10011351","Lorn","Foster"
"10295529","Heidi","Haddad"
"10043336","Pierre","Englebert"
"10044602","Oluwakemi","Balogun"
"10000228","Margaret","Adorno"
"10363029","Ernesto","Gonzalez Jr."
"10335666","Mary","Miner"
"30338692","Laura","Grant"
"30337784","Jamel","Velji"
"30366837","Briana","Toole"
"50446135","Fely","Catan"
"30075299","Robert","Faggen"
"50010713","Joseph","Parker"
"50010739","Phil","Zuckerman"
"50058026","Carina","Johnson"
"50148534","Muriel","Poston"
"30153489","Alex","Rajczi"
"30075301","","Staff"
"50435088","Ellie","Anderson"
"20191144","Eric","Mosser"
"20265198","Rosanna","Tavarez"
"20260014","Rachel","Rudich"
"20261289","",""
"20248895","Charlotte","Johnson"
"10357889","Carolyn","Stuart"
"30153493","Gary","Hamburg"
"10352704","Rushaan","Kumar"
"10602755","Marie","Shurkus"
"10216632","Julia","Byl"
"10354940","Alice","Goffman"
"10200866","Margaret","Kemp"
"30367306","Barbara","Galindo Rodrigues"
"40193797","David","Seitz"
"40199071","Alyssa","Newman"
"20167413","Gary","Gilbert"
"20188424","Lynn","Rapaport"
"40214863","Jamie","Haddock"
"10364360","Konrad","Aguilar"
"50452082","Christian","Lopez"
"10365052","Omar","Ramirez"
"20042212","Scot","Gould"
"50005456","Margaret","Donahue"
"20220495","","Park\, SeoYoung"
"20256390","Findley","Finseth"
"20042209","Gretchen","Edwalds-Gilbert"
"20232550","Martha","Gonzalez"
"20101407","Winston","Ou"
"50147925","Alicia","Bonaparte"
"50445884","Darin","Brown"
"50058722","Melinda","Herrold-Menzies"
"20260064","Leila","Mansouri"
"10364730","Alexandra","Lippman"
"20268899","Doug","Goodwin"
"20179112","Yuval","Avnur"
"20042219","Adam","Landsberg"
"20253193","Vivek","Sharma"
"20042142","Judith","LeMaster"
"30087486","Lisa","Meulbroek"
"30212651","Michael","Bjornlie"
"30153492","Gaston","Espinosa"
"30346560","Megan","Gallagher"
"30025208","Charles","Kesler"
"30291353","Stephanie","Muravchik"
"10364498","Gary","Yeritsian"
"30360504","Roddy","Nguyen"
"30268765","Chris","Zurbuch"
"30219097","Gregory","Lonzo"
"30027303","Ken","Scalmanini"
"30353806","Leena","Bedi"
"30300337","Evan","Wollen"
"30025477","Daniel","Krauss"
"30075707","Carlos","Gonzales"
"40043116","","Staff"
"40188718","Erika","Schulz"
"40155078","Lelia","Hawkins"
"30212591","I.","Ozbeklik"
"40164205","James","Boerkoel"
"10352701","Jordan","Carpenter"
"10358219","John","Wurzer"
"40005502","Ann","Esin"
"75035569","Hovig","Tchalian"
"30347064","Mitchell","Fedorka"
"40193798","Leah","Mendelson"
"50435709","Batsirai","Chidzodzo"
"10087436","Edward","Crane"
"40005499","Michael","Orrison"
"10087641","Registrar","Staff"
"40043124","Rachel","Mayeri"
"10120171","Kyla","Tompkins"
"10035938","Lynn","Thomas"
"10123095","Kathleen","Howe"
"10043074","Mercedes","Teixido"
"10043446","Malkiat","Johal"
"10091830","Daniel","Wellman"
"10254425","Benjamin","Keim"
"10042330","Rena","Fraden"
"10364484","Emilie","Garrigou-Kempton"
"10364500","Curtis","Maughan"
"10023651","Richard","McKirahan"
"10364496","Skyler","Reidy"
"10035613","James","Taylor"
"10351654","Nicole","Holliday"
"10364458","Ayomikun","Adeniran"
"10361504","Maryann","Hohn"
"10020514","Genevieve","Lee"
"10350517","Victor","Agbeli"
"10363123","Rosa","Li"
"10263183","Sarah","Queener"
"10043269","John","Walsh"
"10348223","Christina","Weyant"
"10357665","Erica","Dobbs"
"10351609","Vivek","Sharma"
"10364640","Mariano","Bertucci"
"10311915","Mieczyslaw","Boduszynski"
"10120888","Darryl","Smith"
"10020419","Thomas","Leabhart"
"40209188","Anup","Gampa"
"50446535","Jill","Jensen"
"50339930","Juanita","Aristizabal"
"50010680","Maya","Federman"
"50379234","Hamid","Rezai"
"40204601","Ruqayya","Khan"
"40160090","Kenneth","Fandell"
"40164651","Jae","Hur"
"40147778","Vin","De Silva"
"10363035","Hilary","Appel"
"20229692","Alice","Paterakis"
"20264692","Natalia","Di Pietrantonio"
"20268630","Dylan","Cohen"
"20260028","Ethan","Van Arnam"
"20102316","Molly","Ierulli"
"20272855","Ricky","Medina"
"40205534","Brittany","Slabach"
"10042449","Sidney","Lemelle"
"40005436","Robert","Keller"
"30353379","Michael","Gelman"
"30360595","Don","Lee"
"30346457","Michael","Doyle"
"30274574","S.","Schroeder"
"30075292","Marjorie","Charlop"
"10042729","Jianhsin","Wu"
"10354955","Sheetal","Gandhi"
"10353033","Nina","Revoyr"
"10242020","Nguyen","Phan"
"10042237","Susan","Castagnetto"
"10035471","David","Tanenbaum"
"10275782","Graham","Krahn"
"10256512","Philip","Streich"
"50423045","Meric","Keskinel"
"50446154","Jean","Schroedel"
"20260922","Melissa","Rogers"
"30367298","Fallon","Graham"
"30313442","Deborah","Gisvold"
"30367307","Fatos","Radoniqi"
"30366857","Simon","Camus"
"20207894","Joyce","Lu"
"20042240","Kimberly","Salt"
"50435155","William","Lincoln"
"50362674","Ann","Kaneko"
"30373073","Hichem","Hajaiej"
"50451592","Brian","Hilton"
"20268917","Emily","Roberts"
"20273219","Aditi","Vyas"
"10163580","Benjamin","Pollard"
"50154225","Martha","Arguello"
"50454902","Sarah","Sarchin"
"50455679","Theodore","Bartholomew"
"10264103","Giovanni","Ortega"
"20042232","Zhaohua","Tang"
"20264521","Pete","Chandrangsu"
"20042228","Marion","Preest"
"20042223","J.","Morhardt"
"20042986","David","Roselli"
"20042136","Hao","Huang"
"20098523","Charles","Kamm"
"20187766","Carmen","Sanjuan"
"40005340","James","Eckert"
"50435577","Hanzhang","Liu"
"20209387","Branwen","Williams"
"20187764","Sean","Flynn"
"20056449","Roberto","Pedace"
"20247422","Thomas","Koenigs"
"20252259","Michelle","Decker"
"20042129","Cheryl","Walker"
"20042165","Cindy","Forster"
"20249453","Randall","Swift"
"20273052","Malachai","Bandy"
"20268895","Sarah","Marzen"
"20042155","Nancy","Neiman"
"20269667","Gail","Gottfried"
"20042175","Cesar","Lopez"
"20042901","Glenn","Simshaw"
"30367209","",""
"30323942","Henri","Cole"
"30322609","Marcie","Gardner"
"30297967","Tamara","Venit-Shelton"
"20268915","Rachel","Paterno-Mahler"
"30136869","Sherylle","Tan"
"30296520","Leland","de la Durantaye"
"30028135","Michael","O'Neill"
"30274579","Chiu-Yen","Kao"
"30372708","Daniel","Hayden"
"30347076","Don","Sevilla"
"30322526","Jaso","Sanchez"
"30372709","Marina","Muncan"
"10138450","Arash","Khazeni"
"10200040","Joyce","Lu"
"40005358","Kerry","Karukstis"
"10191516","Andrew","Long"
"40193796","George","Montanez"
"40169711","Yi-Chieh","Wu"
"10097581","Jennifer","Scanlon"
"10352699","Zachary","Hubbard"
"40160594","Kash","Gokli"
"30238090","Minxin","Pei"
"40126557","Nicholas","Pippenger"
"10357573","Cecile","Traore"
"10042772","Roberto","Garza-Lopez"
"10097545","Michael","Brown"
"10005875","Eileen","Cheng"
"10361491","Geoffrey","Brown"
"10346762","Michael","Greenberg"
"10089127","Tzu-Yi","Chen"
"10357926","Eleanor","Birrell"
"10091170","Charmaine","Craig"
"10340222","Karl","Lang"
"10361442","Jessica","Martinez-Tebbel"
"10354741","Hamid","Rezai"
"10158431","Angelina","Chin"
"10154134","Susan","Barndt"
"10138393","Vin","De Silva"
"10213597","Julie","Tannenbaum"
"10032463","Shahriar","Shahriari"
"10310257","Mark","Andrejevic"
"10260966","Aron","Kallay"
"10347989","Brian","Carroll"
"10199994","Tony","Boston"
"10041952","Roger","Caron"
"10010198","Stephen","Erickson"
"10030986","Larissa","Rudova"
"10013600","Jill","Grigsby"
"10209929","Colin","Beck"
"10042248","Suzanne","Chavez Silverman"
"10006532","Mary","Coffey"
"10042459","Sherry","Linnell"
"10357923","Jessie","Mills"
"30018166","Damian","Ross"
"30027530","James","Morrison"
"20043043","Jessica","Christian"
"20272987","Nadine","Chan"
"50085735","David","Bachman"
"30274575","Ricardo","Fernholz"
"10092501","Rita","Roberts"
"20225770","Annie","Fukushima"
"40005488","Lori","Bassman"
"10002308","David","Becker"
"30337790","Peter","McAniff"
"30182015","Fazia","Aitel"
"30212258","Leonid","Fukshansky"
"30360606","Edward","Spinelli"
"30302029","Mark","Morcos"
"30198175","Paul","Hurley"
"30274074","Piercarlo","Valdesolo"
"10213884","Will","Alexander"
"10363696","Mali","Collins"
"10359011","Kevin","Carlson"
"10241577","Marianna","Giordano"
"10086690","Brian","Keeley"
"10088816","John","Koulakis"
"10288318","Benjamin","Marsh"
"50147851","Brinda","Sarathy"
"10362567","Christopher","Krewson"
"40205870","Lauren","Hamer"
"40185205","Kyle","Thompson"
"75024655","Claudia","Bermudez"
"10358249","Gladys","Nubla"
"20269385","",""
"50451118","Jing","Zhou"
"50451121","Kyle","Thompson"
"10354742","Keelan","Overton"
"10354956","Russell","Knight"
"10266036","Scott","Tan"
"50452080","Janet","Muniz"
"20268921","Franck","Fu"
"10365050","Stephen","Munoz"
"50454904","Nayana","Bose"
"50058643","Hao","Huang"
"30294534","Wendy","Lower"
"20042962","Martha","Arguello"
"20232548","","Fisher\, Tracy"
"20256393","Wendy","Cheng"
"20042191","Alan","Blizzard"
"20249460","Sharon","Goto"
"20253160","","Jay\, Kyle"
"20268918","Michael","Brown"
"20184653","Larry","Grill"
"20264520","Sarah","Budischak"
"20195442","Patrick","Ferree"
"20123323","Anna","Wenzel"
"20252486","Myriam","Chancy"
"50149046","Tim","Berg"
"50435234","Jenna","Monroy"
"50010748","Michael","Ballagh"
"20222654","Claire","Nettleton"
"20207600","Paul","Buchholz"
"20042121","Julia","Liss"
"50139225","Soorya","Kayastha"
"20198505","Roberto","Andreoni"
"20196117","David","Cubek"
"20042141","Julie","Simon"
"20176242","Masahiro","Yamada"
"20042170","Thomas","Kim"
"20264759","Dilara","Uskup"
"20252260","Vanessa","Tyson"
"20197554","Jennifer","Ma"
"20197557","Carolina","Sitnisky-Cole"
"20173599","Phoney","Faculty"
"30366834","Michael","Izbicki"
"30323937","Andrew","Finley"
"30372702","Nishant","Dass"
"30087471","Kenneth","Miller"
"30353743","Zair","Ibragimov"
"30012211","John","Faranda"
"30024378","Steve","Hsu"
"30033763","Kathleen","Brown"
"30075296","Mark","Costanzo"
"30274210","Esther","Chung-Kim"
"50117695","Adrian","Pantoja"
"40005407","Jeffrey","Groves"
"40157041","Katherine","Van Heuvelen"
"40005410","Robert","Cave"
"40153189","Mark","Kampe"
"20222469","Kelly","Hogencamp"
"40005443","Ran","Libeskind-Hadas"
"10333807","Baleigh","McCuskey"
"10035277","William","Swartz"
"50213736","Timothy","Justus"
"40205186","Erin","Talvitie"
"40000910","Elizabeth","Orwin"
"40005426","Ruye","Wang"
"10323940","Elizabeth","Glater"
"10358160","Mihoko","Kato"
"40205189","Joshua","Brake"
"40150706","Dagan","Karp"
"40004187","Gregory","Lyzenga"
"10180893","Christopher","Rockwell"
"10351624","Joanne","Nucho"
"10347594","Christopher","Van Ginhoven Rey"
"10361284","Dhiren","Panikker"
"10013117","Sharon","Goto"
"10120280","Nina","Karnovsky"
"10032286","Cynthia","Selassie"
"10041671","Gilda","Ochoa"
"10337469","Jody","Valentine"
"10354485","Alexandra","Papoutsaki"
"10337478","Zaylin","Cano"
"10042225","Laurie","Cameron"
"10043481","Nanik","Wenten"
"10278951","Michelle","Zemel"
"10016614","Glenn","Hueckel"
"10004174","Eleanor","Brown"
"10351816","Tyler","LaPlante"
"10233981","Colleen","Rosenfeld"
"10120756","Penny","Tucker"
"10199109","Pamela","Bromley"
"10196894","Paul","Cahill"
"10037773","Margaret","Waller"
"10163363","Molly","McCanta"
"10018364","Zayn","Kassam"
"10351500","Makhroufi","Traore"
"10278945","Pey-Yi","Chu"
"10183410","Christopher","Chinn"
"10089102","Peter","Flueckiger"
"10138018","Erin","Runions"
"10024736","Lynne","Miyake"
"10354915","Ori","Amir"
"10348048","Angel","Chavez"
"10361144","Ryan","Engley"
"10364361","Ruti","Talmor"
"10197342","Ursula","Kleinecke"
"10042877","Gayle","Blankenburg"
"10011057","Thomas","Flaherty"
"10186413","Jonathan","King"
"10029852","J.","Reynolds"
"10212937","Martin","Crawford"
"10043710","Ty","Aponte"
"10002371","Frank","Bedoya"
"10043349","N.","Davis"
"10198807","Joel","Berrier"
"10043625","Alfred","Kwok"
"10355943","Yulder","Daza"
"10361306","Oscar","Ulloa"
"10042508","Nivia","Montenegro"
"10090606","Andrew","Crawford"
"10361438","Jennifer","Chang"
"10088025","Christina","Hurtado Pierson"
"50010682","Carmen","Fought"
"40156848","Christopher","Clark"
"40005435","Darryl","Wright"
"50440655","David","Germany"
"50010662","Mita","Banerjee"
"50435539","Marcus","Rodriguez"
"50440601","Ali","Oudich"
"40043654","Paul","Steinberg"
"50188977","Todd","Honma"
"20256185","Gladys","Nubla"
"20042207","Newton","Copp"
"20264771","Rachel","Racicot"
"20098539","Brisa","Hurlocker"
"20206294","Patrick","Doran-Sheeran"
"20272869","Susan","Phillips"
"20042157","Thierry","Boucquey"
"20042167","Gayle","Greene"
"20042225","Stephen","Naftilan"
"40199068","Lucas","Bang"
"10028596","Frances","Pohl"
"10043245","Diana","Linden"
"40005470","Weiqing","Gu"
"30026673","Morcos","Massoud"
"10352926","Juliana","Zanotto"
"10006858","Cecilia","Conrad"
"10126841","Rita","Bashaw"
"10351442","Robin","Melnick"
"10042201","Bobbie","Bradford"
"10029151","Ann","Quinley"
"50010736","Dana","Ward"
"30278196","Randall","Swift"
"50445585","Kristen","Glasgow"
"30367765","Jordan","Branch"
"50452081","Mana","Hayakawa"
"30354334","Annie","Wyman"
"10273370","Vicente","Robles"
"50455694","Brian","Duistermars"
"20196392","Anthony","Shenoda"
"20264773","Cory","Kohn"
"20268919","Matthew","Faldyn"
"20219104","Lars","Schmitz"
"20264462","Sadie","Otte"
"20264690","Annelle","Curulla"
"20268840","Christina","Edholm"
"20042148","Suchi","Branfman"
"20187767","Anne","Harley"
"20187990","Warren","Liu"
"20260892","Emilie","Garrigou-Kempton"
"20264754","Kristen","Glasgow"
"20196123","Abdourahman","Waberi"
"20256624","",""
"20042876","Thomas","Dershem"
"20248903","Kevin","Carlson"
"10356603","Joanna","Dyl"
"30223608","Bassam","Frangieh"
"30023860","Eric","Helland"
"30025101","Manfred","Keil"
"30212376","Ananda","Ganguly"
"30156241","John","Sinclair"
"30029485","Ralph","Rossum"
"30372700","Jung Eun","Choi"
"30226804","Victor","Nelson"
"30360180","Helen","Wong"
"30075321","Mark","Vinci"
"30337792","Peter","Uvin"
"30243977","Ana","Dorrance"
"10357912","Nicole","Moore"
"30367764","Gabbrielle","Johnson"
"30219767","Caitlyn","Gumaer"
"30366836","Jennifer","Feitosa"
"30087477","Jay","Conger"
"30025932","Shana","Levin"
"30027046","John","Meany"
"40005404","Hal","Van Ryswyk"
"40005481","Geoffrey","Kuenning"
"40156281","Benjamin","Wiedermann"
"50010679","Paul","Faulstich"
"10355952","Kyle","Flores"
"30023174","Steven","Graves"
"50339931","Sarah","Gilbert"
"50451553","Sebastian","Granada Merchan"
"10005870","Clarissa","Cheney"
"40174154","Salvador","Plascencia"
"40005461","Peter","Saeta"
"40088332","Theresa","Lynn"
"10043740","Michael","O'Malley"
"10120743","Sandeep","Mukherjee"
"10013538","Frederick","Grieman"
"10308275","Peter","Sandusky"
"10341121","Benjamin","Sveinbjornsson"
"10364363","Anthony","Clark"
"10364724","Derion","Loman"
"10144059","Charlotte","Chang"
"10019737","Michael","Kuehlwein"
"10033472","Gary","Smith"
"10361282","Emiliano","Huet-Vaughn"
"10354731","Kyle","Wilson"
"10237366","Jonathan","Lethem"
"10196661","Virginie","Pouzet-Duzer"
"10353040","Lisa","Beesley"
"10039096","Heather","Williams"
"10042434","Kyoko","Kurita"
"10180318","Eric","Hurley"
"10357924","Kevin","Wynter"
"10213413","Jonathan","Hall"
"10364689","Oscar","Moralde"
"10281423","Gibb","Schreffler"
"10344135","Malia","Roberson"
"10043561","Valerie","Townsend"
"10018386","Charles","Katsiaficas"
"10355923","Paul","Rosse"
"10002336","Lisa","Beckett"
"10085343","Peter","Thielke"
"10038267","Nicole","Weekes"
"10358179","Esther","Hernandez"
"30323941","Daniel","Livesay"
"30360498","Jeho","Park"
"30226207","Fan","Yu"
"30210025","Murat","Binay"
"30198176","Suzanne","Obdrzalek"
"50172753","Michelle","Berenfeld"
"40209187","Ekaterina","Babintseva"
"50201601","Arianna","Alfaro-Porras"
"50164815","Paula","Gutierrez"
"50161286","Azamat","Junisbai"
"50445042","Bianca","Haro"
"50018303","Norma","Rodriguez"
"50079486","Kathleen","Yep"
"50320584","Suzanne","Fontaine"
"50122528","Tessa","Peterson"
"50445950","Kouross","Esmaeli"
"50446536","Stefania","Marghitu"
"20222656","Daniel","Hackbarth"
"20256391","Jenna","Monroy"
"20042213","Daniel","Guthrie"
"20181189","Vincent","Crisostomo"
"20257490","Rainy","Demerson"
"20077568","Loli","Tsan"
"20185092","Alicia","Chavez"
"20261997","Ceci","Moss"
"20211668","Thomas","Gardner"
"20261199","Ellie","Anderson"
"20264753","Chris","Kraus"
"30187736","Nita","Kumar"
"30075287","Joseph","Bessette"
"30260376","Aseema","Sinha"
"30366858","Paula","Vilchez"
"10334220","Sasha-Mae","Eccleston"
"10358353","Diana","Cummins"
"10244286","Thomas","Tsai"
"10042412","John","Jurewitz"
"10308335","Jill","Harris"
"10256561","Joseph","Jeon"
"10345928","Alex","La"
"10232546","Jacob","Barrera"
"10088866","Elias","Penilla"
"10117474","Gordon","Stecklein"
"10333562","Ajay","Satpute"
"10346269","Charles","Potts"
"10257032","Carolina","Sitnisky-Cole"
"20261996","Marina","Magalhaes"
"50010670","Jose","Calderon"
"50010831","Cheryl","Morales"
"20269689","R.O.","Kwon"
"40128729","Enrico","Santi"
"75031619","Rebecca","Hatkoff"
"40156845","Mark","Ashley"
"40149439","Charles","Kamm"
"50435037","Lisa","Koch"
"10200041","Suyapa","Portillo Villeda"
"10365164","Jean-Paul","Anderson"
"20273831","Eileen","Ma"
"50173782","","Neiman\, Nancy"
"20179111","Lara","Deeb"
"20260063","Gabriela","Morales"
"20268837","Julia","Lum"
"20197556","James","Nisbet"
"20125073","Adam","Davis"
"20042198","Nancy","Macko"
"20078318","Diane","Thomson"
"20219101","Aaron","Leconte"
"20042984","Nancy","Williams"
"20253194","Evelyn","Boria-Rivera"
"20264677","Martin","Vega"
"20256427","Marino","Forlino"
"20173557","Aaron","Matz"
"20272986","Jane","Mi"
"20253176","Sheetal","Gandhi"
"50161157","Harmony","O'Rourke"
"20252263","Jih-Fei","Cheng"
"20207598","","Zaidel\, Susannah"
"20256638","",""
"20042861","YouYoung","Kang"
"20042128","Dion","Scott-Kakures"
"10188079","Sara","Sadhwani"
"20056439","Stacey","Wood"
"20179113","Qutayba","Abdullatif"
"30347077","Marie-Claude","Thomas"
"30212222","Seth","Lobis"
"30004460","Zachary","Courser"
"30274578","Heather","Ferguson"
"30212259","Albert","Park"
"30015610","Asuman","Aksoy"
"30367308","Romel","Uganiza"
"30075318","Alen","Babayan"
"30346091","Gary","Goltz"
"30212727","Ryan","Fahey"
"10340512","Larisa","Reznik"
"30238258","Dustin","Locke"
"30029220","Ronald","Riggio"
"10306268","Janice","Hudgings"
"40043655","Karl","Haushalter"
"40005491","Zachary","Dodds"
"10361507","Jasmine","Jenkins"
"30277205","Mark","Odin"
"40005411","R.","Spjut"
"40164714","Gordon","Krauss"
"40005433","Philip","Cha"
"10134639","Karl","Johnson"
"10306332","Sharon","Stranford"
"40005479","Andrew","Bernoff"
"40147120","Elizabeth","Connolly"
"10215763","Lisa","Auerbach"
"10042851","Bryan","Penprase"
"10271004","Sara","Olson"
"10331443","Fabien","Jammes"
"10175474","Matthew","Sazinsky"
"10105644","Joseph","Beardslee"
"10144775","Aya","Nakagoshi"
"10346813","Feng","Xiao"
"10180184","David","Kauchak"
"10352979","William","Devanny"
"10354878","Mahnaz","Roshanaei"
"10042972","Victoria","Koenig"
"10346163","Cihtli","Ocampo"
"10017883","Margaret","Jolley"
"10119823","Michael","Steinberger"
"10000768","Tahir","Andrabi"
"10018726","Neva","Novarro"
"10358080","Evan","Kindley"
"10236349","Abdourahman","Waberi"
"10354740","Aimee","Bahng"
"10043732","Gary","Kates"
"10157575","Gizem","Karaali Garcia"
"10042632","John","Seery"
"10033341","Patricia","Smiley"
"10354911","Edray","Goins"
"10087503","Konstantine","Klioutchkine"
"10357933","Charlotte","D'Evelyn"
"10361312","Corinn","Meyette"
"10120233","Tracy","Brennan"
"10340519","Masahiro","Yamada"
"10354673","John","Dougherty"
"10346589","Jorge","Moreno"
"10213425","Jessica","Borelli Donckels"
"10351501","Guadalupe","Bacio"
"10253220","Erin","O'Brien"
"10004579","Deborah","Burke"
"10357827","Ainsley","Morse"
"10361499","Marilyn","Grell-Brisk"
"10358182","Jennifer","Schulz"
"30373039","Bernadette","LeGrant"
"30337783","Angela","Vossmeyer"
"50319507","Tarrah","Krajnak"
"40188789","Timothy","Tsai"
"50010693","Brian","Keeley"
"50079670","Thomas","Borowski"
"50010708","David","Moore"
"10364355","Mohammad","Nasir"
"10220164","Rachel","Mayeri"
"20216516","Lori","Lopez"
"20209883","Aaron","Silverman"
"20101400","Anthony","Crowley"
"20193759","Juliet","Nusbaum"
"20065665","Martha","Barcenas-Mooradian"
"40005342","Gary","Evans"
"10358236","Alfred","Flores"
"10235758","Melissa","Petreaca"
"30087392","Darren","Filson"
"30323929","Matthew","Edwards"
"30087403","Raymond","Jollymour"
"10284282","Hsin-Chieh","Li"
"10304889","Martha","Gonzalez"
"10363651","Sarah","Leddy"
"10347512","D.","Emerson"
"10214309","Alison","Calhoun"
"10361324","Nicolette","Rohr"
"10282246","Samantha","Matherne"
"50120623","Bill","Anthes"
"50232631","Jacquelyn","Christensen"
"40199120","Yesim","Demiroglu"
"50397393","Karolina","Placek"
"30346462","Scott","Sherman"
"50058378","Kebokile","Dengu-Zvobgo"
"50446136","Sylvia","Cifuentes"
"20208457","Azamat","Junisbai"
"30367759","Victor","Carter"
"30313484","Mary","Gaitskill"
"10354850","G.","Starr"
"10163972","Yuka","Brown"
"50455691","Matthew","Powell"
"20042124","","Staff"
"20196393","Lindsay","Gifford"
"20232174","Matthew","Powell"
"20042221","Donald","McFarlane"
"20174404","Sarah","Gilman"
"20042214","Mary","Hatcher-Skeers"
"20261999","Omar","Ramirez"
"20219102","Colin","Robins"
"50010795","Leah","Herman"
"20205654","Meric","Keskinel"
"20273195","Sergio","Gonzalez"
"20254661","Laura","Redford"
"20265623","Viviana","Pezzera"
"20187989","Sabrina","Ovan"
"50152079","Lance","Neckar"
"20042154","David","Andrews"
"20256566","",""
"30360184","Mukasa","Mubirumusoke"
"30153484","Yaron","Raviv"
"30295116","Jeffrey","Flory"
"30075306","Janet","Smith"
"30075305","James","Nichols"
"30367763","Emma","Kalb"
"30367221","Chanel","Murchison"
"30019945","Jodie","Burton"
"30255610","Michelle","Bell"
"30322654","Jodi","Day"
"30023264","Charles","Griffiths"
"30075319","Ty","Aponte"
"30005783","David","Hamilton"
"30274304","Kyle","Sweeney"
"10361322","Zilong","Ye"
"10042860","Phyllis","Jackson"
"10180209","Jade-Star","Lackey"
"30343582","Daniel","Martinez"
"40154263","Daniel","Stoebel"
"10291214","Alaina","Woo"
"10266238","Shawn","Lokar"
"40189308","Werner","Zorman"
"40209191","Leif","Zinn-Brooks"
"40199123","Jessica","Arlett"
"40005475","Thomas","Donnelly"
"40174256","Jason","Gallicchio"
"10160928","Dru","Gladney"
"10013095","George","Gorse"
"10026608","Daniel","O'Leary"
"10139619","Tomas","Summers Sandoval"
"10101654","Joseph","Osborn"
"10361281","Iyun","Harrison"
"10339810","Marc","Los Huertos"
"10364501","Claudia","Caceres"
"10180208","Anne","Dwyer"
"10126722","Maria","Prokopenko"
"10141237","Friederike","von Schwerin-High"
"10306684","Andre","Schutze"
"10042122","Kenneth","Wolf"
"10042864","Miguel","Tinker Salas"
"10229857","Amanda","Hollis-Brusky"
"10035410","Kazumi","Takahashi"
"10031012","Adolfo","Rumbos"
"10029204","Ami","Radunskaya"
"10197895","Patrick","Addington"
"10163628","Noell","Birondo"
"10120782","Peter","Kung"
"10361305","Natalie","Mashian"
"10277568","Shlomo","Sher"
"10092210","Oona","Eisenstadt"
"10085197","Hung","Thai"
"10361472","Amanda","Stuart"
"30317857","Elizabeth","Milev"
"30302030","Norman","Valencia"
"10364362","Ellie","Anderson"
"50176497","Barbara","Junisbai"
"50199958","Elizabeth","Affuso"
"50188849","Ruti","Talmor"
"10000076","Lise","Abrams"
"40005460","William","Alves"
"50140523","Jose","Florez"
"30372698","Yunied","Puig de Dios"
"50451478","Jennifer","Ward-Batts"
"50004504","Rachel","VanSickle-Ward"
"50140060","Ciara","Ennis"
"20253827","Russell","Knight"
"50091036","Rolland","Trapp"
"50445872","Andrew","Haxby"
"50058401","Susan","Phillips"
"30312668","Sarah","Sarzynski"
"20273095","Franny","Brogan"
"50446538","Lani","Cupchoy"
"10352720","Maryan","Soliman"
"20237030","Jonas","Becker"
"20249075","Cameron","Iverson"
"20173624","Cecilia","Conrad"
"20268914","Janet","Sheung"
"10349394","Kehaulani","Vaughn"
"30353029","Yong","Kim"
"30075291","Roderic","Camp"
"30360182","Hicham","Bou Nassif"
"10134724","Kevin","Sea"
"10123210","Rita","Alcala"
"10349451","Jenny","Lam"
"10316875","Jennifer","Ward-Batts"
"10045374","John","Clithero"
"10363025","Richard","Savich"
"10358334","Peter","Morris"
"10358081","Jon","Gill"
"10363500","Alexandra","Moreau"
"50424605","Teresa","Spezio"
"50172710","Geoffrey","Herrera"
"30032392","Thomas","Willett"
"10355937","Shannon","Randolph"
"10363027","Kimberly","Griffin"
"50205641","David","Goldblatt"
"40205335","Leah","Manning"
"50446537","Asena","Taione-Filihia"
"50430839","Adam","Novy"
"50434913","Thomas","Connelly"
"50435235","Susan","Branfman"
"30087468","Joshua","Rosett"
"30372707","Jesus","Rivera"
"40209190","Morgan","Carr-Markell"
"40209333","Joseph","Wirth"
"50228627","Dionne","Bensonsmith"
"50440779","Scott","Chan"
"50454903","Maria","Murnane"
"50455052","Paul","Settles"
"50141261","Susan","Castagnetto"
"50150292","Brent","Armendinger"
"20261998","Maura","Murnane"
"20042194","Ken","Gonzales-Day"
"20042202","Kim-Trang","Tran"
"20042877","Emily","Wiley"
"20195451","Elise","Ferree"
"20004250","Erin","Jones"
"20268920","Brian","Duistermars"
"20042210","Anthony","Fucaloro"
"20252405","Kevin","Williamson"
"50010671","Emily","Chao"
"20042147","Gail","Abrams"
"20256430","Nayana","Bose"
"20198506","Andrey","Glubokov"
"20042131","Gayle","Blankenburg"
"20257168","Lahnna","Catalino"
"20264572","Luis","Sales"
"20256394","Maryan","Soliman"
"30075290","Richard","Burdekin"
"30274071","Giorgi","Areshidze"
"30016306","Hilary","Appel"
"30026336","Frederick","Lynch"
"40005453","Stephen","Adolph"
"30075314","Robert","Valenza"
"30032978","Jennifer","Clark"
"30353794","Gina","Oaks"
"30136863","Lauren","Uhr"
"30031488","Randall","Town"
"30232390","Kurt","Vlasich"
"30360644","Hannah","Lu"
"10002382","Graydon","Beeks"
"30346469","Chelsea","Wang"
"50378758","Jemma","Lorenat"
"40001194","Darryl","Yong"
"40002799","Angela","Lee"
"40005482","David","Harris"
"10042453","Rachel","Levin"
"10354833","Niree","Kodaverdian"
"40005500","Okitsugu","Furuya"
"40209186","Heather","Zinn-Brooks"
"40043543","Jon","Jacobsen"
"10161477","Tobias","Hecht"
"10271196","Jane","Liu"
"10364482","Kun","Nie"
"10287070","Jiangyun","Zou"
"10357925","Arely","Zimmerman"
"10004334","Kim","Bruce"
"10004484","Everett","Bull"
"10043316","Anthony","Shay"
"10361283","Malte","Dold"
"10306813","Jordan","Kirk"
"10011047","Kathleen","Fitzpatrick"
"10029721","Linda","Reinen"
"10361492","Judi","Sclafani"
"10030143","Hans","Rindisbacher"
"10352835","Heather","Daly"
"10361280","Megan","Zirnstein"
"10358168","Franny","Brogan"
"10233155","Michael","Diercks"
"10255751","Leah","Light"
"10156943","Stephan","Garcia"
"10085346","M.","Negritto"
"10092356","Jennifer","Friedlander"
"10257490","Jean-Paul","Gowdy"
"10211579","Denise","Machin"
"10346438","Tom","Le"
"10017076","Jerry","Irish"
"10029372","Lynn","Rapaport"
"10322449","Aaron","Routhe"
"10008115","Grace","Lopez"
"10099382","Monica","French"
"10357963","John","Favreau"
"30367199","Sarah","Cannon"
"10313960","Emmanuelle","De Lira"
"40112929","Ambereen","Dadabhoy"
"40005441","Isabel","Balseiro"
"50010707","Sheryl","Miller"
"50413093","Laura","Amador"
"30182165","Cory","Davia"
"50451007","Urmi","Engineer Willoughby"
"20252487","Amy","Malek"
"20252264","Nicole","Seisler"
"20195315","Jutta","Sperling"
"20196526","Miguel","Tinker Salas"
"20185748","Birgitta","Johnson"
"20222680","Tatiana","Thibodeaux"
"20078419","Charles","Young"
"20256429","Cristina","Nicolescu Waggonner"
"40205532","Matthew","Clark"
"10156963","Pardis","Mahdavi"
"40005013","Gerald","Van Hecke"
"40005489","Christopher","Stone"
"40043656","Alfonso","Castro"
"40205193","Jessalyn","Bolkema"
"40005442","Lisette","de Pillis"
"30022092","John","Farrell"
"30322653","Karen","May"
"30262009","Jeremy","Ognall"
"10257427","Jing","Zhou"
"10045054","Jessica","Harris"
"10099275","June","O'Leary"
"10354867","Eleanor","Dannenberg"
"10357964","Alexis","Burgess"
"10354764","Scott","Hurley"
"10043440","Kenshaka","Ali"
"50434947","Steffanie","Guillermo"
"50445873","Alexandra","Lippman"
"50167293","Samantha","Morse"
"40150702","Talithia","Williams"
"10092148","Laura","Harris"
"20230634","Michelle","Berenfeld"
"10365571","William","Boyer"
"10361497","Michael","Surina"
"30354352","Bana","Dahi"
"50112724","Steven","Liang"
"10314442","Jennie","Jung"
"50154003","Stephanie","Hutin"
"50455693","Matthew","Faldyn"
"20042127","Rita","Roberts"
"20264758","Amy","Santoferraro"
"50092605","Mary","Poppins"
"20256565","",""
"20262000","Sarah","Fischbeck"
"20123322","Melissa","Coleman"
"20042229","Kathleen","Purvis Roberts"
"20216515","Joanna","Valentine"
"50325651","Elise","Ferree"
"50003518","Suyapa","Portillo Villeda"
"50010773","Michael","Donahue"
"20252489","Chris","Burwick"
"20209885","Jessica","Lessard"
"20042117","Andrew","Aisenberg"
"20042116","Sara","Adler"
"20042159","Anie","Chaderjian"
"20204696","","Lewis\, Jeffrey C."
"20273159","Aleksy","Trarasenko-Struc"
"20268916","Kevin","Setter"
"30087465","Minju","Kim"
"20042146","Sheila","Walker"
"20185750","Andrew","Jacobs"
"20042183","Marina","Perez de Mendiola"
"20042190","Jennifer","Wood"
"20101401","Kimberly","Drake"
"20042187","Rosann","Simeroth"
"30366831","Jessamyn","Schaller"
"30300112","Saman","Olfati"
"30360179","Benjamin","Gillen"
"30012465","Gary","Birkenbeuel"
"30005072","Christine","Crockett"
"30028646","John","Pitney"
"30346099","Katja","Favretto"
"20264793","Jessica","Martinez-Tebbel"
"30075286","William","Ascher"
"30182032","Gabriel","Cook"
"50446159","Stephanie","Liu-Rojas"
"30253705","Robert","von Hallberg"
"30255736","Kin","Lam"
"30274542","Maria","Bernhard"
"30366829","Carlos","Garcia"
"30238216","Rusty","Berry"
"30322565","David","Schwarz"
"30273999","Tracy","Brennan"
"30346090","David","Schrodetzki"
"30214075","Catherine","Reed"
"30212031","Tomoe","Kanaya"
"30293905","Alison","Harris"
"10181284","Dwight","Whitaker"
"10008674","Donna","Di Grazia"
"10041968","Eric","Lindholm"
"10345516","Nicholas","Ball"
"40145327","Eliot","Bush"
"30126424","Paul","Settles"
"40155077","Vivien","Hamilton"
"50435462","Angela","Mooney D'Arcy"
"10043238","Daniel","Martinez"
"10092220","Jonathan","Moore"
"40204525","Jasper","Weinburd"
"40199069","Mark","Ilton"
"40155256","Sharon","Gerbode"
"40043679","Vatche","Sahakian"
"10358050","Loren","Holland"
"10035729","Bruce","Telzer"
"10248799","Katy","Muzikar"
"10043357","Mukesh","Arora"
"10016388","Sharon","Hou"
"10256511","Kevin","Coogan"
"10139770","Walker","Wells"
"10120163","Fernando","Lozano"
"10022550","Stephen","Marks"
"10179974","Kevin","Dettmar"
"10043340","Valorie","Thomas"
"10197890","Catherine","Winiarski"
"10000046","Jack","Abecassis"
"10355068","Amanda","Apgar"
"10037742","Helena","Wall"
"10361342","Samuel","Anderson"
"10042136","Alfred","Cramer"
"10357922","Melissa","Givens"
"10353001","Jennifer","Thomas"
"10156964","Mary","Paster"
"10355955","Timothy","Justus"
"10148564","Gabriel","Chandler"
"10355882","Jazmyne","Cortinas"
"10024718","Catalin","Mitescu"
"10041967","Thomas","Moore"
"10024018","David","Menefee-Libey"
"10358127","",""
"10351872","",""
"10364625","MaeAnn","Ross"
"30212375","David","Bjerk"
"40164166","Neil","Rhodes"
"50010691","Ethel","Jorge"
"50058024","","Staff"
"50339865","Menna","Bizuneh Fikru"
"50010738","Linus","Yamane"
"50010733","Albert","Wachtel"
"50010686","Laura","Harris"
"50117734","Sumangala","Bhattacharya"
"50221622","Felicia","Lemus"
"40209185","Findley","Finseth"
"30366867","Blanford","Parker"
"30360185","Derik","Smith"
"10364754","Stacey","Doan"
"20269007","Christina","Hurtado-Pierson"
"50010726","Ann","Stromberg"
"30353378","Julio","Garin"
"20042199","Mary","MacNaughton"
"20103804","Garett","Leskowitz"
"20209842","George","Tsai"
"10325047","Carina","Giorgi"
"40160048","Colleen","Lewis"
"30155928","Emily","Pears"
"30198190","Christopher","Nadon"
"10161952","America","Chambers"
"10323978","Freddi-Jo","Bruschke"
"10196474","Martha","Arguello"
"10359800","Rayne","Goldberg"
"10363026","Malachai","Bandy"
"10039860","Richard","Worthington"
"10353349","Sara","Masland"
"10358346","Jenny","Rose"
"10363028","Eileen","Ma"
"50424748","Roberto","Pedace"
"50440734","Bruce","Brown"
"20268901","Colin","McLaughlin-Alcock"
"10363009","",""
"10120283","Zdravko","Planinc"
"40193795","Katherine","Breeden"
"40205194","Meric","Keskinel"
"30289121","Victoria","Lobis"
"10359912","Azamat","Junisbai"
"50451119","Patrick","Van Horn"
"40169273","Katherine","Trushkowsky"
"30251403","Lily","Geismer"
"50004990","Elena","Feboli"
"10176766","Alexander","Boyd"
"10306295","Ayat","Agah"
"50434545","Kevin","Williamson"
"50161751","Ahmed","Alwishah"
"20042197","Juliet","Koss"
"20003708","",""
"20272985","Alyson","Ogasian"
"20252266","Kasper","Kovitz"
"20256882","","Borchert\, Jason"
"20253155","","Cohen\, Joseph"
"20098529","Amy","Babbes"
"20219103","Babak","Sanii"
"20248904","Mary","Garcia"
"20042153","Rita","Alcala"
"20042164","Ellen","Finkelpearl"
"20252257","Claudia","Arteaga"
"20178312","Jennifer","Groscup"
"20244937","Kirsten","Johansen"
"50010701","Ming-Yuen","Ma"
"20268900","Meiver","De la Cruz"
"20042152","Phylise","Smith"
"50010734","Andre","Wakefield"
"20268811","Nicholas","Kacher"
"20042184","Nathalie","Rachlin"
"20042169","Marc","Katz"
"20268904","Kathryn","Wolford"
"20244938","Sumita","Pahwa"
"20268905","Oscar","Moralde"
"20264675","","Arakawa\, Casey"
"20249332","Laura","Purcell"
"30238091","Mary","Evans"
"30075307","Roberto","Pedace"
"30214678","George","Batta"
"30360181","Rima","Basu"
"30032005","Nicholas","Warner"
"20273157","Alyssa","Miller"
"30153500","Andrew","Busch"
"30212112","George","Thomas"
"30030064","Diana","Selig"
"30153516","Christopher","Sundberg"
"30354351","Jazmin","Pottorff"
"30226145","Cameron","Shelton"
"30198177","Wei-Chin","Hwang"
"10282816","Barbara","Catlin"
"40005424","Catherine","McFadden"
"30200474","Jennifer","Taw"
"40169278","Julie","Medero"
"10163975","Joanne","Ferguson"
"30225451","Jon","Shields"
"50440654","Tyee","Griffith"
"10364483","Jeffrey","Geiger"
"50119081","Jessica","McCoy"
"10363077","Sarah","Sarchin"
"50446137","Monique","Lopez"
"50162675","Juan","Araya"
"50451554","Mora","Franca"
"10282330","Wallace","Meyer"
"10042863","Victor","Silverman"
"10358055","Cristina","Bejarano"
"10175143","Rosalia","Romero"
"10248426","Anthony","Lepore"
"10346801","Candice","Lin"
"10043648","Sok-Keng-Lilian","Ng"
"10134553","Andre","Cavalcanti"
"10296653","Kristine","Kaiser"
"10016256","Laura","Hoopes"
"10098506","Nancy","Hamlett"
"10213581","Pierangelo","De Pace"
"10027318","Hans","Palmer"
"10358079","Elaine","Kahn"
"10138259","Aaron","Kunin"
"10361272","Bana","Dahi"
"10233194","David","Divita"
"10144144","Natalia","Duong"
"10361439","Treva","Ellison"
"10043346","Tamaki","Landis"
"10108447","Laura","Johnson"
"10089075","Ghassan","Sarkis"
"10014411","Johanna","Hardin"
"10304644","Thomas","Connelly"
"10214498","Jonathan","Matsui"
"10351719","Stephanie","Frescas"
"10351857","Jill","Pace"
"10087713","Candise","Pipkin"
"10308956","Steve","Bickham"
"10361265","",""
"10361341","Roberto","Sirvent"
"10256349","Katrina","Keil"
"10202148","Karina","Corona"
"10256410","Adam","Pearson"
"10001714","William","Banks"
"10157105","Jose","Cartagena"
"10153824","","Health Sciences Advisor"
"10364634","Jill","Knox"
"10028742","Rose","Portillo"
"30025279","Amy","Kind"
"50010694","Gina","Lamb"
"50378764","Daniel","Hirsch"
"50010729","Lako","Tongun"
"50430029","Garrett","Thoelen"
"50010698","Jeffrey","Lewis"
"20188423","Frank","Miller"
"20232158","Brinda","Sarathy"
"50446443","Jessica","Valenzuela Ramirez"
"20247423","Talib","Johnson"
"20173561","John","Norvell"
"20253534","Jeannie","Kenmotsu"
"20177920","Elana","Mann"
"20181186","Jonathan","Karpel"
"20260904","Anastasia","Nagel"
"20042983","Jennifer","Armstrong"
"20042118","Patricia","Dillon"
"20210600","Gerard","O'Donoghue"
"20197555","Andrew","Long"
"20252407","Andrew","Greer"
"40205533","Yongxi","Hu"
"40208846","Saeideh","Fallah-Fini"
"40116545","Susan","Martonosi"
"40163647","Matina","Donaldson-Matasci"
"10347954","Rou-Jia","Sung"
"10361277","Torsten","Fiebig"
"10336929","Drew","Lesperance"
"10234499","John","Unger"
"10022410","Paul","Mann"
"10351622","Claire","Nettleton"
"10361323","Joshua","Herr"
"10354821","Lauren","Rudolph"
"10345074","David","Nolan"
"10347619","Sarah","Nichols"
"10287428","Cristina","Nicolescu Waggonner"
"40189916","Lauren","Stoebel"
"50446566","Colin","McLaughlin-Alcock"
"30367232","David","Bachman"
"10365166","Hadass","Silver"
"10202145","Daniel","Contreras"
"50441206","Ori","Amir"
"50455692","Emily","Roberts"
"20088859","John","Milton"
"20264871","Tessa","Solomon-Lane"
"20264770","Bethany","Caulkins"
"20260908","Hou","Ung"
"20253190","Joel","Mackey"
"20042149","Ronalee","Brosterman"
"20232127","Corey","Tazzara"
"20256428","Tessie","Prakas"
"20173562","Pamela","Bromley"
"20268810","Theodore","Bartholomew"
"20222651","Piya","Chatterjee"
"20004186","Andrea","Cordova-Caddes"
"50430498","Shelva","Hurley"
"50010723","Sharon","Snowiss"
"50134270","Erich","Steinman"
"50010724","Maria","Soldatenko"
"20268903","Amy","Hough-Dugdale"
"20268906","Leigh","Lieberman"
"20042137","Rachel","Huang"
"20124595","Candida","Jaquez"
"20256623","",""
"20242613","John","Ramsey"
"20261147","Ryan","Hay"
"20042216","James","Higdon"
"20196124","Mona","Mehta"
"30360629","Shawki","El-Zatmah"
"30021208","James","Taylor"
"30366830","Florian","Madison"
"30216438","Eric","Hughson"
"30032910","Heather","Antecol"
"30075288","Mark","Blitz"
"30212590","Daniel","Michon"
"30313424","Kevin","Moffett"
"30238339","Ellen","Rentz"
"30274755","Thomas","Schur"
"50433469","Jessica","Kizer"
"30346092","Lisa","Koch"
"40005493","Wendy","Menefee-Libey"
"30300505","Glenn","Stewart"
"30360137","Brian","Weir"
"30208464","Winston","Ou"
"30337804","William","Walkenbach"
"30367182","Scott","Witkin"
"30321897","Adrienne","Martin"
"30032944","Craig","Bowman"
"30022826","Gary","Gilbert"
"30087373","Esther","Hernandez"
"30034894","Salvador","Velazco"
"10043286","Nyoman","Wenten"
"30020589","Lisa","Cody"
"40005485","Elizabeth","Sweedyk"
"10348299","Marisa","Gamans"
"50319703","William","Barndt"
"10355076","Michael","Morgan"
"40169272","Albert","Dato"
"10364499","Win","McLaughlin"
"40003433","Ziyad","Duron"
"40152139","Erika","Dyson"
"10361490","Arlen","Chase"
"10364515","Leigh","Lieberman"
"10351443","Patricia","Blessing"
"10128165","Mark","Allen"
"10044301","Karin","Mak"
"10157706","Philip","Choi"
"10032294","Lenny","Seligman"
"10039914","Jonathan","Wright"
"10361279","Zhao","Li"
"10042175","Allan","Barr"
"10086311","Kimberly","Gadlin"
"10351749","Elm","Pizarro"
"10024385","Frank","Miller"
"10351684","Guillermo","Douglass-Jaimes"
"10304579","Manisha","Goel"
"10196880","W.","Cutter"
"10351610","Kara","Wittman"
"10098053","Robert","Gaines"
"10361304","Robyn","Jensen"
"10223504","Yoshie","Udagawa"
"10364497","Galia","Bar-Sever"
"10006829","Kathleen","Connell"
"10023033","Karen","May"
"10097663","Paul","Roach"
"10043270","Frank","Pericolosi"
"10158952","Michael","Green"
"10358198","Brad","McHose"
"10216427","Gregory","Antill"
"10040539","Alma","Zook"
"10357931","Dalia","Gomez"
"10120783","Wha","Kim"
"10313659","Carolyn","Ratteray"
"50010697","Jesse","Lerner"
"50010720","Daniel","Segal"
"40152633","Alexandra","Schofield"
"50451479","Isabella","Kasselstrand"
"50010725","Claudia","Strauss"
"50434943","Amanda","Lagji"
"50010667","Nigel","Boyle"
"50451544","Monica","Mahoney"
"30367231","Corinna","Vallianatos"
"30234106","Michelle","Chamberlain"
"20260976","Arathi","Menon"
"20042871","Rael","Lewis"
"20269511","Sarah","MacLean"
"20260902","Lucas","Hall"
"20265265","Joanna","Dyl"
"20042126","Kerry","Odell"
"20185872","Emily","Cuming"
"20265264","Dhiren","Panikker"
"40005497","Melissa","O'Neill"
"30360501","Donald","Dixon"
"10352713","Andrew","Sappey"
"10086852","Maria","Soldatenko"
"10124572","Peter","Mawhorter"
"10169996","Mark","Kampe"
"10043292","Manfred","Keil"
"10029545","Arden","Reed"
"10219500","Meredith","Landman"
"10358826","Daniela","Levy"
"10043368","Ann","Lebedeff"
"10362568","Keith","Powell"
"50430851","Tam","Tran"
"50413305","Eric","Otremba"
"40194601","Kareem","Collie"
"10254433","Todd","Honma"
"40209189","Haydee","Lindo"
"20273498","Joan","Kane"
"30367316","Joseph","Barcus"
"50454901","Alyssa","Miller"
